experiment,config_diff,val_macro_f05,val_f05_us,val_f05_india,loco_us_to_india,loco_india_to_us,loco_avg,singleton_acc,blocking_pair_recall,avg_candidates,p95_candidates,runtime,kept,notes
baseline,none (git tag baseline; dict-based raw-count blocking top_k=30; 13 features; LightGBM 500x31 is_unbalance; threshold 0.90),0.8244,0.8568,0.7757,,,,0.6900,0.8312,30,30,train cand-gen 13980s; test cand-gen 12535s; test features 59s (32 workers),yes,leaderboard 0.763; LOCO not yet measured (Phase 1)
phase1_baseline_subsample,none (baseline candidates+features+model; harness subsample 300k/50k/100k seed 42; threshold tuned on tune fold),0.8227,0.8542,0.7755,0.6607,0.7980,0.7293,0.6924,0.8310,30,30,cold 1034s (load+norm 270 / pairs+feat 112 / train 26 / missed 34 / loco 35 / test-checks 547),yes (reference),reference row for Phase 2+ subsample iteration; decomposition blocking 0.0782 / singleton FM 0.0172 / FP on matched 0.0452 / missed retrieved 0.0366
phase1_baseline_full,none (baseline; full scale train 1.83M / tune 50k / val 331k = original 15% split),0.8240,0.8563,0.7755,0.6602,0.8000,0.7301,0.6872,0.8312,30,30,1090s cached (load+norm 76 / pairs+feat 205 / train 221 / missed 42 / loco 240 / test-checks 279),yes (reference),0.8244->0.8240 only from dropping 50k tune entities from training; test France conflict rate 0.183 vs US 0.024 / India 0.061
p2_excl_ref_full,baseline pipeline; exclusivity reference run,0.824,0.8563,0.7755,0.6602,0.8,0.7301,0.6872,0.8312,30.0,30.0,2041s total,reference,threshold 0.90; val-tuned 0.8240; test-mix 0.8119
p2_excl_ref_excl_within-fold_t0.90_full,record-level exclusivity (within-fold) then threshold 0.90; no retraining,0.8256,0.8578,0.7773,,,,0.6923,,,,,reference,vs 0.8240 without exclusivity
p2_excl_ref_excl_all-S1_t0.90_full,record-level exclusivity (all-S1 (OOF competitors)) then threshold 0.90; no retraining,0.8309,0.8616,0.7847,,,,0.7089,,,,,reference,vs 0.8240 without exclusivity
p2_ref_subsample,baseline flags (reproduces phase1_baseline_subsample),0.8227,0.8542,0.7755,0.6607,0.798,0.7293,0.6924,0.831,30.0,30.0,248s total,reference,threshold 0.90; val-tuned 0.8227; test-mix 0.8110
p2_feature_text_subsample,fuzzy ratios on normalized tokens instead of raw strings,0.8166,0.8495,0.7673,0.6962,0.7919,0.744,0.7898,0.831,30.0,30.0,256s total,no,threshold 0.95; val-tuned 0.8166; test-mix 0.8043
p2_keep_digits_subsample,digit tokens any length + single letters next to digits,0.8268,0.8551,0.7843,0.6604,0.798,0.7292,0.7035,0.831,30.0,30.0,501s total,no,threshold 0.90; val-tuned 0.8268; test-mix 0.8162
p2_legal_bag_subsample,"legal-form tokens among last 3 name tokens, any order",0.8237,0.8547,0.7771,0.6657,0.7997,0.7327,0.6944,0.831,30.0,30.0,490s total,yes,threshold 0.90; val-tuned 0.8237; test-mix 0.8120
p2_stopwords_subsample,generic/landmark stopwords; French articles for France,0.8242,0.8557,0.7771,0.6619,0.8007,0.7313,0.6906,0.831,30.0,30.0,492s total,no,threshold 0.90; val-tuned 0.8242; test-mix 0.8125
p2_landmarks_subsample,near/opp/behind X segments -> addr_landmark,0.8223,0.8539,0.7749,0.6636,0.8011,0.7324,0.6838,0.831,30.0,30.0,515s total,no,threshold 0.90; val-tuned 0.8223; test-mix 0.8105
p2_country_abbrev_subsample,"country tables; French table + street-position r/q, bis/ter, cedex",0.8237,0.8547,0.7771,0.6657,0.7997,0.7327,0.6944,0.831,30.0,30.0,497s total,yes,threshold 0.90; val-tuned 0.8237; test-mix 0.8120
p2_extract_fields_subsample,postal / house_nums / name_core stored (no current feature uses them),0.8237,0.8547,0.7771,0.6657,0.7997,0.7327,0.6944,0.831,30.0,30.0,619s total,yes,threshold 0.90; val-tuned 0.8237; test-mix 0.8120
p2_final_subsample,"Phase 2 kept: legal_bag,country_abbrev,extract_fields; text=raw",0.8237,0.8547,0.7771,0.6657,0.7997,0.7327,0.6944,0.831,30.0,30.0,949s total,pending user decision (see docs/phase2_results.md),threshold 0.90; val-tuned 0.8237; test-mix 0.8120
p2_final_excl_within-fold_t0.90_subsample,record-level exclusivity (within-fold) then threshold 0.90; no retraining,0.8243,0.8554,0.7776,,,,0.6962,,,,,reference,vs 0.8237 without exclusivity
p2_final_full,"Phase 2 kept: legal_bag,country_abbrev,extract_fields; text=raw",0.8236,0.8563,0.7744,0.6572,0.8025,0.7299,0.6844,0.8312,30.0,30.0,1594s total,pending user decision (see docs/phase2_results.md),threshold 0.90; val-tuned 0.8236; test-mix 0.8113
p2_final_excl_within-fold_t0.90_full,record-level exclusivity (within-fold) then threshold 0.90; no retraining,0.8252,0.8578,0.7762,,,,0.6896,,,,,reference,vs 0.8236 without exclusivity
p2_final_excl_all-S1_t0.90_full,record-level exclusivity (all-S1 (OOF competitors)) then threshold 0.90; no retraining,0.8303,0.8613,0.7836,,,,0.7053,,,,,reference,vs 0.8236 without exclusivity
