experiment,config_diff,S,val_macro_f05,val_f05_us,val_f05_india,loco_us_to_india,loco_india_to_us,loco_avg,singleton_acc,blocking_pair_recall,avg_candidates,runtime,kept,notes,seeds,compare_to,d_S,d_F_US,d_F_India,d_LOCO_avg,d_S_ci
v2mini_m1,,0.9696,0.9731,0.9834,0.9588,0.9416,0.9812,0.9614,1.0,0.9989,240.83,99s train stage,pending,v2 train; threshold 0.86,42,,,,,,
v2mini_m1b,,0.9769,0.9814,0.988,0.9723,0.933,0.9801,0.9565,0.9524,0.9989,240.83,125s train stage,pending,v2 train; threshold 0.72,42,v2mini_m1,0.0073,0.0046,0.0135,-0.0049,"[0.0004, 0.0137]"
v2mini_xfit,"v2 M1: n+b reverse blocking, cross-fit pruner, 36 features, K=3 cross-fit, one-owner + threshold",0.9805,0.9843,0.9905,0.975,0.9399,0.9914,0.9656,1.0,0.9962,25.34,49s train stage,pending,v2 train; threshold 0.74,42,,,,,,
v2mini_m2,"v2 v2mini_m2: channels n,b,a,k, learned rewrites + dictionary, cross-fit pruner and matcher, one-owner + threshold",0.9865,0.9892,0.9923,0.9846,0.953,0.9887,0.9708,1.0,0.9992,23.69,47s train stage,pending,v2 train; threshold 0.76,42,,,,,,
v2mini_m3,"v2 v2mini_m3: channels n,b,a,k, learned rewrites + dictionary, cross-fit pruner and matcher, one-owner + threshold",0.9853,0.9886,0.9917,0.9839,0.941,0.9922,0.9666,1.0,0.9992,24.24,78s train stage,pending,v2 train; threshold 0.81; unseen offset +0.000; excluded groups none,42,,,,,,
mini_base,,pending,0.9865,0.9893,0.9824,pending,pending,pending,0.98,0.9992,16.22,15s train stage,pending,"v2 train; threshold 0.77; unseen offset +0.000; excluded groups idf,france,context2,cross",42,,,,,,
mini_fr,,pending,0.9858,0.9885,0.9817,pending,pending,pending,1.0,0.9992,16.22,16s train stage,pending,"v2 train; threshold 0.8; unseen offset +0.000; excluded groups idf,context2,cross",42,mini_base,pending,-0.0008,-0.0006,pending,pending
mini_nosib,,0.982,0.9847,0.9869,0.9815,0.9412,0.9884,0.9648,1.0,0.9992,16.22,49s train stage,pending,v2 train; threshold 0.88; unseen offset +0.000; second pass False; excluded groups none,42,,,,,,
mini_sib,,0.9851,0.9889,0.9894,0.9882,0.9305,0.9847,0.9576,1.0,0.9992,16.22,108s train stage,pending,v2 train; threshold 0.66; unseen offset +0.000; second pass True; excluded groups none,42,mini_nosib,0.003,0.0026,0.0067,-0.0072,"[0.0008, 0.0056]"
mini_h0,,pending,0.9847,0.9869,0.9815,pending,pending,pending,1.0,0.9992,16.22,19s train stage,pending,v2 train; threshold 0.88; unseen offset +0.000; second pass False; excluded groups none,42,,,,,,
mini_h1,,pending,0.9823,0.9839,0.98,pending,pending,pending,1.0,0.9992,16.22,19s train stage,pending,v2 train; threshold 0.93; unseen offset +0.000; second pass False; excluded groups none,42,mini_h0,pending,-0.003,-0.0014,pending,pending
mini_nv0,,pending,0.9847,0.9869,0.9815,pending,pending,pending,1.0,0.9992,16.22,18s train stage,pending,v2 train; threshold 0.88; unseen offset +0.000; second pass False; excluded groups none,42,,,,,,
mini_nv1,,pending,0.9887,0.9893,0.9877,pending,pending,pending,0.98,0.9992,16.22,19s train stage,pending,v2 train; threshold 0.78; unseen offset +0.000; second pass False; excluded groups none,42,mini_nv0,pending,0.0025,0.0062,pending,pending
mini_cr,,pending,0.9883,0.9892,0.987,pending,pending,pending,0.98,0.9992,16.22,18s train stage,pending,v2 train; threshold 0.83; unseen offset +0.000; second pass False; excluded groups none,42,,,,,,
mini_aug0,,pending,0.9222,0.8995,0.9561,pending,pending,pending,0.98,,16.65,19s train stage,pending,v2 aug; threshold 0.78; unseen offset +0.000; second pass False; excluded groups none,42,,,,,,
mini_aug1,,pending,0.9812,0.9827,0.979,pending,pending,pending,1.0,,16.65,22s train stage,pending,v2 aug; threshold 0.9; unseen offset +0.000; second pass False; excluded groups none,42,mini_aug0,pending,0.0833,0.023,pending,pending
mini_aug1,,pending,0.9745,0.9806,0.9655,pending,pending,pending,1.0,,16.65,21s train stage,pending,v2 aug; expected_f 8.0; unseen offset +0.000; second pass False; excluded groups none,42,,,,,,
